mod_char,series,replaces_host,slots,link,status,likes,confidence,joke
A-Bomb,Mugen,Jigglypuff,32-33,https://gamebanana.com/mods/665659,Released,1,verified (slots+hooks published),joke mod
Akaza,Demon Slayer,Captain Falcon,40-47,https://gamebanana.com/mods/659845,Released,1,verified (slots+hooks published),
Alucard,Castlevania,Richter,120-127,https://gamebanana.com/mods/457661,Released,8,verified (slots+hooks published),
Armstrong,Metal Gear,Ganondorf,8-15,https://gamebanana.com/mods/485221,Released,5,verified (slots+hooks published),
Bandana Dee,Kirby,Sephiroth,120-127,https://gamebanana.com/mods/580288,Released,9,verified (slots+hooks published),
Black Knight,Fire Emblem,Ike,120-127,https://gamebanana.com/mods/589645,Released,7,verified (slots+hooks published),
Blaziken,Pokémon,Captain Falcon,120-127,https://gamebanana.com/mods/540179,Released,5,verified (slots+hooks published),
Blood Falcon,F-Zero,Captain Falcon,24-31,https://gamebanana.com/mods/496231,Released,12,verified (slots+hooks published),
Bluster Kong,Donkey Kong,Donkey Kong,64-71,https://discord.gg/PdTDUgNYaY ,Open Beta,6,verified (slots+hooks published),
Bomb,Angry Birds,Jigglypuff,24-31,https://gamebanana.com/mods/665651,Released,1,verified (slots+hooks published),joke mod
Bomberman,Bomberman,PAC-Man,120-127,https://gamebanana.com/mods/38894,Released,6,verified (slots+hooks published),
Chaos,Sonic the Hedgehog,Greninja,64-71,https://gamebanana.com/mods/641872,Released,8,verified (slots+hooks published),
Colette,Tales of Symphonia,Mega Man,not published,https://gamebanana.com/mods/561040,Released,32,slotted (CSK/Smashline 2); slots not published,
Cuphead,Cuphead,Banjo & Kazooie,32-39,https://gamebanana.com/mods/633920,Released,10,verified (slots+hooks published),
Dark Meta Knight,Kirby,Meta Knight,72-79,https://discord.gg/mXGbCkakR,Open Beta,3,verified (slots+hooks published),
Decidueye,Pokemon,Dark Pit,not published,https://gamebanana.com/mods/513821,Released,87,slotted (CSK/Smashline 2); slots not published,
Diluc,Genshin Impact,Ike,not published,https://gamebanana.com/mods/507238,Released,37,slotted (CSK/Smashline 2); slots not published,
Ermac,Mortal Kombat,Mewtwo,not published,https://gamebanana.com/mods/487662,Released,21,slotted (CSK/Smashline 2); slots not published,
Funky Kong,Donkey Kong,Donkey Kong,120-127,https://gamebanana.com/mods/549673,Released,7,verified (slots+hooks published),
Gengar & Charmeleon,Pokemon,Mewtwo,not published,https://gamebanana.com/mods/525595,Released,78,slotted (CSK/Smashline 2); slots not published,
Geralt,The Witcher,Ike,64-71,https://gamebanana.com/mods/637095,Open Beta,5,verified (slots+hooks published),
Gogeta,Dragon Ball,Terry,103-110,https://gamebanana.com/mods/493356,Released,6,verified (slots+hooks published),
Goku,Dragon Ball,Marth,80-87,https://lilylavender.github.io/UltimateMovesetCompatibility/moveset/95,Open Beta,5,verified (slots+hooks published),
Goomba,Mario,Pichu,120-127,https://gamebanana.com/mods/639737,Released,10,verified (slots+hooks published),
Herobrine,Minecraft,Mewtwo,32-39,https://gamebanana.com/mods/559266,Pending Update,7,verified (slots+hooks published),
Hilda,Fire Emblem,Ike,128-135,https://gamebanana.com/mods/361574,Released,3,verified (slots+hooks published),
Ichiban,Yakuza,Chrom,95-103,https://gamebanana.com/mods/660071,Released,7,verified (slots+hooks published),
Iron Man,Avengers,Mario,48-55,https://gamebanana.com/mods/660142,Released,12,verified (slots+hooks published),
Jiren,Dragon Ball,Ganondorf,80-87,https://gamebanana.com/mods/544880,Released,2,verified (slots+hooks published),
Kale,Dragon Ball,Ganondorf,not published,https://gamebanana.com/mods/484550,Released,45,slotted (CSK/Smashline 2); slots not published,
Kamek,Yoshi,Ness,64-71,https://gamebanana.com/mods/510382,Released,5,verified (slots+hooks published),
King Leno,Leon (Custom),Bowser,24-31,https://gamebanana.com/mods/674935,Released,1,verified (slots+hooks published),
Knuckles,Sonic the Hedgehog,Sonic,120-127,https://gamebanana.com/mods/606587,Released,10,verified (slots+hooks published),
Krystal,Star Fox,Dark Pit,64-71,https://gamebanana.com/mods/514829,Released,3,verified (slots+hooks published),
Magolor,Kirby,Jigglypuff,96-111,https://gamebanana.com/mods/630469,Released,8,verified (slots+hooks published),
Masked Man,EarthBound,Lucas,120-127,https://gamebanana.com/mods/489945,Released,5,verified (slots+hooks published),
Mecha Sonic,Sonic the Hedgehog,Samus,80-87,https://gamebanana.com/mods/495584,Released,4,verified (slots+hooks published),
Megumin,Konosuba,Hero,64-71,https://gamebanana.com/mods/660152,Released,2,verified (slots+hooks published),
Meiling,Touhou,Terry,70-79,https://gamebanana.com/mods/583913,Released,5,verified (slots+hooks published),
Mona,WarioWare,Robin,not published,https://gamebanana.com/mods/533215,Released,50,slotted (CSK/Smashline 2); slots not published,
Monster Hunter,Monster Hunter,Ike,104-111,https://gamebanana.com/mods/678083,Released,9,verified (slots+hooks published),
Naruto Uzumaki,Naruto,Little Mac,not published,https://gamebanana.com/mods/478432,Released,59,slotted (CSK/Smashline 2); slots not published,
Ninten,EarthBound,Ness,120-127,https://gamebanana.com/mods/468526,Released,5,verified (slots+hooks published),
Pawn,Chess,Dr. Mario,41-48,https://gamebanana.com/mods/664660,Released,2,verified (slots+hooks published),
Peppy,Star Fox,Falco,120-127,https://gamebanana.com/mods/38894,Released,4,verified (slots+hooks published),
Phoenix Wright,Ace Attorney,Captain Falcon,112-119,https://gamebanana.com/mods/606758,Released,11,verified (slots+hooks published),
Phosphora,Kid Icarus,Zelda,128-135,https://gamebanana.com/mods/471696,Released,4,verified (slots+hooks published),
Potemkin,Guilty Gear,Corrin,128-144,https://lilylavender.github.io/UltimateMovesetCompatibility/moveset/45,Open Beta,10,verified (slots+hooks published),
Raichu,Pokemon,Pikachu,not published,https://gamebanana.com/mods/474333,Released,79,slotted (CSK/Smashline 2); slots not published,
Rayman,Rayman,Olimar,120-127,https://gamebanana.com/mods/38894,Released,4,verified (slots+hooks published),
Sailor Moon,Sailor Moon,Palutena,128-135,https://gamebanana.com/mods/390285,Released,2,verified (slots+hooks published),
Sandbag,Super Smash Bros.,Dr. Mario,64-71,https://gamebanana.com/mods/481498,Released,6,verified (slots+hooks published),
Sans,Undertale,Palutena,120-127,https://gamebanana.com/mods/549674,Released,7,verified (slots+hooks published),
Sasuke Uchiha,Naruto,Marth,not published,https://gamebanana.com/mods/526228,Released,73,slotted (CSK/Smashline 2); slots not published,
Shadow Mewtwo,Pokémon,Mewtwo,24-31,https://gamebanana.com/mods/583298,Released,7,verified (slots+hooks published),
Silver,Sonic the Hedgehog,Mewtwo,128-135,https://gamebanana.com/mods/470041,Released,6,verified (slots+hooks published),
Springtrap,Five Nights at Freddy's,Ganondorf,16-23,https://gamebanana.com/mods/675046,Open Beta,6,verified (slots+hooks published),
Tails,Sonic the Hedgehog,Sonic,64-71,https://gamebanana.com/mods/635053,Released,13,verified (slots+hooks published),
Tetrimino,Tetris,Marth,20-27,https://gamebanana.com/mods/626305,Released,9,verified (slots+hooks published),
The Crash,Spin,Dr. Mario,8-15,https://gamebanana.com/mods/665674,Released,3,verified (slots+hooks published),joke mod
THE EGGMAN,Eggman,Sonic,24-31,https://gamebanana.com/mods/665617,Released,6,verified (slots+hooks published),joke mod
Toad,Mario,Villager,120-127,https://gamebanana.com/mods/38894,Released,9,verified (slots+hooks published),
Ultron,Avengers,Ganondorf,64-71,https://gamebanana.com/mods/681333,Released,6,verified (slots+hooks published),
Uravity,My Hero Academia,Peach,100-107,https://lilylavender.github.io/UltimateMovesetCompatibility/moveset/96,Open Beta,1,verified (slots+hooks published),
Vegeta,Dragon Ball,Ken,95-102,https://gamebanana.com/mods/699357,Released,3,verified (slots+hooks published),
Vegeta,Dragon Ball,Lucario,not published,https://gamebanana.com/mods/469216,Released,142,slotted (CSK/Smashline 2); slots not published,
Vegito,Dragon Ball,Marth,not published,https://gamebanana.com/mods/472557,Released,114,slotted (CSK/Smashline 2); slots not published,
Waluigi,Wario,Terry,120-127,https://gamebanana.com/mods/443150,Released,7,verified (slots+hooks published),
Weiss,RWBY,Marth,128-135,https://gamebanana.com/mods/415034,Released,2,verified (slots+hooks published),
X,Mega Man X,Mega Man,95-102,https://gamebanana.com/mods/605585,Released,11,verified (slots+hooks published),
Z Broly,Dragon Ball,Ganondorf,40-47,https://gamebanana.com/mods/630616,Released,5,verified (slots+hooks published),
Zeraora,Pokemon,Wolf,not published,https://gamebanana.com/mods/524527,Released,82,slotted (CSK/Smashline 2); slots not published,
